exp_index, n_msgs, txhash                                                          , height, code, gas_used, gas_wanted, block_time_sec, pr_block_time_sec, baseline_avg_sec, delta_sec, pr_delta_sec, fee_amount, gas_limit, timestamp
        0,      1, C6BA19D7B0B2C94F32E8872A65B6FF3F15F6CE2482C9145F90FCC6D2917AB066,    669,    0,    71183,     165000,       1.017406,          1.022696,         1.017963, -0.000557, 0.004733    ,       4125,    165000, 2025-08-27T05:21:11Z
        1,      2, 10EA97C82C603BB7344FC3C68EE635A42E59068CACB35FA39C7F4B9F3ED674D1,    680,    0,    92146,     210000,       1.021194,          1.014450,         1.017963, 0.003231 , -0.003513   ,       5250,    210000, 2025-08-27T05:21:23Z
        2,      4, B682D6754F65202650BD65087A26B943FE5A0CDF99713F77D856D0F273F79D36,    692,    0,   134072,     300000,       1.014583,          1.015726,         1.017963, -0.003380, -0.002237   ,       7500,    300000, 2025-08-27T05:21:35Z
        3,      8, 1F8BDC6F51DADDB69EB8DE3EF9E03DDC36712AEA6542508BAA8156CD0318443F,    703,    0,   217964,     480000,       1.016366,          1.019293,         1.017963, -0.001597, 0.001330    ,      12000,    480000, 2025-08-27T05:21:46Z
        4,     16, FD61C4315525BFFA0518438CD9A3B860C9D990306DC68184B037691EEA683511,    714,    0,   385678,     840000,       1.017040,          1.017782,         1.017963, -0.000923, -0.000181   ,      21000,    840000, 2025-08-27T05:21:57Z
        5,     32, 805450204661E457E8B4D35DA7EA092E343755C8B5AED994A20D078889E55F0E,    725,    0,   721086,    1560000,       1.013244,          1.015379,         1.017963, -0.004719, -0.002584   ,      39000,   1560000, 2025-08-27T05:22:08Z
        6,     64, 26CDC858A8482DF2C3C1CE1DDBC8F3EA0D608557B408438796F06B6DE2D95771,    737,    0,  1391912,    3000000,       1.013868,          1.015749,         1.017963, -0.004095, -0.002214   ,      75000,   3000000, 2025-08-27T05:22:21Z
        7,    128, 2791779A75F4ECB5E21EB95F7DB017C87AA7476EECBEDA5276F970C898B71030,    748,    0,  2733604,    5880000,       1.012302,          1.013987,         1.017963, -0.005661, -0.003976   ,     147000,   5880000, 2025-08-27T05:22:32Z
        8,    256, FD5BBD6090C6DEF7FF287E839E6E0D70BF0234C332ED63F6372D6BBCB362EB92,    760,    0,  5416868,   11640000,       1.013744,          1.012332,         1.017963, -0.004219, -0.005631   ,     291000,  11640000, 2025-08-27T05:22:44Z
        9,    512, 973B50B6560CD0A8DC8BA7CE4D68D15E49F7C7D0E5CBED5697B522CE6ECE8AED,    771,    0, 10783396,   23160000,       1.016036,          1.017354,         1.017963, -0.001927, -0.000609   ,     579000,  23160000, 2025-08-27T05:22:55Z
       10,   1024, 0362BF68262144302AF3B3E66AF99573A52AE3E2051B49D136C442BC3AE0D1F7,    783,    0, 21516512,   46200000,       1.014098,          1.022105,         1.017963, -0.003865, 0.004142    ,    1155000,  46200000, 2025-08-27T05:23:07Z
       11,   2048, 6B6114066D796C3CC774B4A6C1C57855F1256944CDEB26B8A1743C33DA2E00D5,    795,    0, 42982624,   92280000,       1.015845,          1.028579,         1.017963, -0.002118, 0.010616    ,    2307000,  92280000, 2025-08-27T05:23:19Z
       12,   4096, E22C42AB2E1FF67A07C3F029FBE0707125C5253EE26EFA1CBEE3652814F1AF8C,    808,    0, 85914848,  184440000,       1.014703,          1.046578,         1.017963, -0.003260, 0.028615    ,    4611000, 184440000, 2025-08-27T05:23:33Z
